url,added_at,website,category,enabled,origin,note
https://www.engadget.com/,,Engadget,科技媒體,true,default,
https://www.theverge.com/,,The Verge,科技媒體,true,default,
https://techcrunch.com/,,TechCrunch,科技媒體,true,default,
https://www.wired.com/,,WIRED,科技媒體,true,default,
https://arstechnica.com/,,Ars Technica,科技媒體,true,default,
https://www.cool3c.com/,,Cool3c,台灣科技媒體,true,default,
https://tw.news.yahoo.com/tech-news/,,Yahoo奇摩科技,台灣科技媒體,true,default,
https://techorange.com/,,TechOrange 科技報橘,台灣科技媒體,true,default,
https://www.bnext.com.tw/,,數位時代,台灣科技媒體,true,default,
